"file","passengers","originalRoute","finalRoute","pass1","repaired","finalPass","status","offers","supplierMessage"
"AncillaryBookMulti.json","ADTx2,CHDx2,INFx2","DUS-CAI@+25d | CAI-SSH@+28d","DUS-CAI@+25d | CAI-SSH@+28d","True","False","True","200","200",""
"AncillaryBookMulti1.json","ADTx3,CHDx3,INFx3","SSH-CAI@+40d | CAI-FRA@+49d","SSH-CAI@+40d | CAI-FRA@+49d","True","False","True","200","200",""
"AncillaryBookMulti2.json","ADTx4,CHDx2,INFx2","CGN-CAI@+27d | CAI-JED@+30d","CGN-CAI@+27d | CAI-JED@+30d","True","False","True","200","200",""
"AncillaryBookMulti3.json","ADTx4,CHDx1,INFx4","STR-CAI@+28d | CAI-KWI@+31d","STR-CAI@+28d | CAI-KWI@+31d","True","False","True","200","56",""
"AncillaryBookMulti4.json","ADTx2,CHDx2,INFx2","FRA-CAI@+42d | CAI-HAJ@+45d","FRA-CAI@+42d | CAI-HAJ@+45d","True","False","True","200","200",""
"AncillaryBookMulti5.json","ADTx3,CHDx3,INFx3","KWI-CAI@+43d | CAI-CGN@+46d","KWI-CAI@+43d | CAI-CGN@+46d","True","False","True","200","200",""
"AncillaryBookMulti6.json","ADTx4,CHDx2,INFx2","JED-CAI@+44d | CAI-STR@+47d","JED-CAI@+44d | CAI-STR@+47d","True","False","True","200","200",""
"AncillaryBookMulti7.json","ADTx4,CHDx1,INFx4","SSH-CAI@+46d | CAI-FRA@+49d","SSH-CAI@+46d | CAI-FRA@+49d","True","False","True","200","200",""
"AncillaryBookOne.json","ADTx2,CHDx2,INFx2","CAI-DUS@+20d","CAI-DUS@+20d","True","False","True","200","21",""
"AncillaryBookOne1.json","ADTx3,CHDx3,INFx3","CAI-HAJ@+21d","CAI-HAJ@+21d","True","False","True","200","28",""
"AncillaryBookOne2.json","ADTx4,CHDx2,INFx2","CAI-LXR@+22d","CAI-LXR@+22d","True","False","True","200","10",""
"AncillaryBookOne3.json","ADTx5,CHDx2,INFx2","CAI-CGN@+23d","CAI-CGN@+23d","True","False","True","200","30",""
"AncillaryBookOne4.json","ADTx4,CHDx1,INFx4","CAI-YNB@+24d","CAI-YNB@+24d","True","False","True","200","4",""
"AncillaryBookOne5.json","ADTx4,CHDx3,INFx2","CAI-STR@+25d","CAI-STR@+25d","True","False","True","200","18",""
"AncillaryBookRound.json","ADTx2,CHDx2,INFx2","CAI-DUS@+44d | DUS-CAI@+51d","CAI-DUS@+44d | DUS-CAI@+51d","True","False","True","200","200",""
"AncillaryBookRound1.json","ADTx5,CHDx2,INFx2","CAI-CGN@+47d | CGN-CAI@+54d","CAI-CGN@+47d | CGN-CAI@+54d","True","False","True","200","200",""
"AncillaryBookRound2.json","ADTx3,CHDx3,INFx3","CAI-LXR@+46d | LXR-CAI@+53d","CAI-LXR@+46d | LXR-CAI@+53d","True","False","True","200","150",""
"AncillaryBookRound3.json","ADTx5,CHDx2,INFx2","CAI-LXR@+46d | LXR-CAI@+53d","CAI-LXR@+46d | LXR-CAI@+53d","True","False","True","200","150",""
"AncillaryBookRound5.json","ADTx3,CHDx3,INFx3","YNB-CAI@+24d | CAI-YNB@+31d","YNB-CAI@+24d | CAI-YNB@+31d","True","False","True","200","16",""
"AncillaryBookRound6.json","ADTx5,CHDx2,INFx2","STR-CAI@+25d | CAI-STR@+32d","STR-CAI@+25d | CAI-STR@+32d","True","False","True","200","200",""
"AncillaryHoldMulti.json","ADTx2,CHDx2,INFx2","BER-CAI@+29d | CAI-YNB@+32d","BER-CAI@+29d | CAI-YNB@+32d","True","False","True","200","84",""
"AncillaryHoldMulti1.json","ADTx3,CHDx3,INFx3","YNB-CAI@+41d | CAI-BER@+48d","YNB-CAI@+41d | CAI-BER@+48d","True","False","True","200","56",""
"AncillaryHoldMulti2.json","ADTx4,CHDx2,INFx2","KWI-CAI@+31d | CAI-DUS@+34d","KWI-CAI@+31d | CAI-DUS@+34d","True","False","True","200","72",""
"AncillaryHoldMulti3.json","ADTx4,CHDx4,INFx1","YNB-CAI@+41d | CAI-BER@+44d","YNB-CAI@+41d | CAI-BER@+44d","True","False","True","200","56",""
"AncillaryHoldMulti4.json","ADTx2,CHDx2,INFx2","YNB-CAI@+45d | CAI-BER@+48d","YNB-CAI@+45d | CAI-BER@+48d","True","False","True","200","69",""
"AncillaryHoldMulti5.json","ADTx3,CHDx3,INFx3","SSH-CAI@+46d | CAI-FRA@+49d","SSH-CAI@+46d | CAI-FRA@+49d","True","False","True","200","200",""
"AncillaryHoldMulti6.json","ADTx4,CHDx2,INFx2","LXR-CAI@+47d | CAI-KWI@+50d","LXR-CAI@+47d | CAI-KWI@+50d","True","False","True","200","17",""
"AncillaryHoldMulti7.json","ADTx4,CHDx4,INFx1","YNB-CAI@+44d | CAI-BER@+48d","YNB-CAI@+44d | CAI-BER@+48d","True","False","True","200","56",""
"AncillaryHoldOne.json","ADTx2,CHDx2,INFx2","CAI-BER@+26d","CAI-BER@+26d","True","False","True","200","17",""
"AncillaryHoldOne1.json","ADTx3,CHDx3,INFx3","CAI-SSH@+27d","CAI-SSH@+27d","True","False","True","200","30",""
"AncillaryHoldOne2.json","ADTx4,CHDx2,INFx2","CAI-HBE@+28d","CAI-HBE@+28d","True","False","True","200","4",""
"AncillaryHoldOne3.json","ADTx3,CHDx3,INFx3","CAI-KWI@+29d","CAI-KWI@+29d","True","False","True","200","4",""
"AncillaryHoldRound.json","ADTx2,CHDx2,INFx2","CAI-YNB@+48d | YNB-CAI@+55d","CAI-YNB@+48d | YNB-CAI@+55d","True","False","True","200","16",""
"AncillaryHoldRound1.json","ADTx5,CHDx2,INFx2","CAI-STR@+49d | STR-CAI@+56d","CAI-STR@+49d | STR-CAI@+56d","True","False","True","200","64",""
"AncillaryHoldRound2.json","ADTx4,CHDx2,INFx2","CAI-BER@+50d | BER-CAI@+57d","CAI-BER@+50d | BER-CAI@+57d","True","False","True","200","200",""
"AncillaryHoldRound3.json","ADTx3,CHDx3,INFx3","CAI-SSH@+20d | SSH-CAI@+27d","CAI-SSH@+20d | SSH-CAI@+27d","True","False","True","200","200",""
"AncillaryHoldRound5.json","ADTx4,CHDx2,INFx2","BER-CAI@+26d | CAI-BER@+33d","BER-CAI@+26d | CAI-BER@+33d","True","False","True","200","200",""
"AncillaryHoldRound6.json","ADTx3,CHDx3,INFx3","SSH-CAI@+27d | CAI-SSH@+34d","SSH-CAI@+27d | CAI-SSH@+34d","True","False","True","200","200",""
"BookMulti.json","ADTx2,CHDx2,INFx2","SSH-CAI@+34d | CAI-STR@+37d","SSH-CAI@+34d | CAI-STR@+37d","True","False","True","200","200",""
"BookMulti1.json","ADTx3,CHDx3,INFx3","JED-CAI@+32d | CAI-FRA@+35d","JED-CAI@+32d | CAI-FRA@+35d","True","False","True","200","168",""
"BookMulti2.json","ADTx4,CHDx2,INFx2","JED-CAI@+20d | CAI-FRA@+25d","JED-CAI@+20d | CAI-FRA@+25d","True","False","True","200","107",""
"BookMulti3.json","ADTx4,CHDx1,INFx4","JED-CAI@+5d | CAI-FRA@+15d","JED-CAI@+5d | CAI-FRA@+15d","True","False","True","200","112",""
"BookMulti4.json","ADTx2,CHDx2,INFx2","DUS-CAI@+21d | CAI-SSH@+24d","DUS-CAI@+21d | CAI-SSH@+24d","True","False","True","200","200",""
"BookMulti5.json","ADTx3,CHDx3,INFx3","HAJ-CAI@+22d | CAI-LXR@+25d","HAJ-CAI@+22d | CAI-LXR@+25d","True","False","True","200","200",""
"BookMulti6.json","ADTx4,CHDx2,INFx2","CGN-CAI@+23d | CAI-HBE@+26d","CGN-CAI@+23d | CAI-HBE@+26d","True","False","True","200","156",""
"BookMulti7.json","ADTx4,CHDx1,INFx4","STR-CAI@+24d | CAI-JED@+27d","STR-CAI@+24d | CAI-JED@+27d","True","False","True","200","108",""
"BookOne.json","ADTx2,CHDx2,INFx2","CAI-JED@+30d","CAI-JED@+30d","True","False","True","200","12",""
"BookOne1.json","ADTx3,CHDx3,INFx3","CAI-FRA@+31d","CAI-FRA@+31d","True","False","True","200","12",""
"BookOne2.json","ADTx4,CHDx2,INFx2","DUS-CAI@+32d","DUS-CAI@+32d","True","False","True","200","13",""
"BookOne3.json","ADTx5,CHDx2,INFx2","HAJ-CAI@+33d","HAJ-CAI@+33d","True","False","True","200","19",""
"BookOne4.json","ADTx4,CHDx1,INFx4","LXR-CAI@+34d","LXR-CAI@+34d","True","False","True","200","5",""
"BookOne5.json","ADTx4,CHDx3,INFx2","CGN-CAI@+35d","CGN-CAI@+35d","True","False","True","200","14",""
"BookOne6.json","ADTx5,CHDx1,INFx2","CGN-CAI@+35d","CGN-CAI@+35d","True","False","True","200","14",""
"BookOne7.json","ADTx3,CHDx2,INFx3","STR-CAI@+37d","STR-CAI@+37d","True","False","True","200","9",""
"BookOne8.json","ADTx6,CHDx1,INFx2","BER-CAI@+38d","BER-CAI@+38d","True","False","True","200","18",""
"BookRound.json","ADTx2,CHDx2,INFx2","CAI-JED@+21d | JED-CAI@+28d","CAI-JED@+21d | JED-CAI@+28d","True","False","True","200","192",""
"BookRound1.json","ADTx5,CHDx2,INFx2","CAI-KWI@+22d | KWI-CAI@+29d","CAI-KWI@+22d | KWI-CAI@+29d","True","False","True","200","39",""
"BookRound2.json","ADTx3,CHDx3,INFx3","CAI-JED@+23d | JED-CAI@+30d","CAI-JED@+23d | JED-CAI@+30d","True","False","True","200","156",""
"BookRound3.json","ADTx5,CHDx2,INFx2","CAI-FRA@+24d | FRA-CAI@+31d","CAI-FRA@+24d | FRA-CAI@+31d","True","False","True","200","160",""
"BookRound4.json","ADTx5,CHDx2,INFx2","CAI-JED@+23d | JED-CAI@+30d","CAI-JED@+23d | JED-CAI@+30d","True","False","True","200","156",""
"BookRound5.json","ADTx3,CHDx3,INFx3","KWI-CAI@+29d | CAI-KWI@+36d","KWI-CAI@+29d | CAI-KWI@+36d","True","False","True","200","182",""
"CancelMulti.json","ADTx2,CHDx2,INFx2","HBE-CAI@+36d | CAI-CGN@+39d","HBE-CAI@+36d | CAI-CGN@+39d","True","False","True","200","116",""
"CancelMulti2.json","ADTx2,CHDx2,INFx2","HAJ-CAI@+29d | CAI-KWI@+41d","HAJ-CAI@+29d | CAI-KWI@+41d","True","False","True","200","128",""
"CancelOne.json","ADTx2,CHDx2,INFx2","SSH-CAI@+39d","SSH-CAI@+39d","True","False","True","200","25",""
"CancelRound.json","ADTx2,CHDx2,INFx2","DUS-CAI@+20d | CAI-DUS@+27d","DUS-CAI@+20d | CAI-DUS@+27d","True","False","True","200","200",""
"HoldMulti.json","ADTx2,CHDx2,INFx2","DUS-CAI@+37d | CAI-JED@+40d","DUS-CAI@+37d | CAI-JED@+40d","True","False","True","200","104",""
"HoldMulti1.json","ADTx3,CHDx3,INFx3","HAJ-CAI@+38d | CAI-KWI@+41d","HAJ-CAI@+38d | CAI-KWI@+41d","True","False","True","200","76",""
"HoldMulti2.json","ADTx4,CHDx2,INFx2","CGN-CAI@+39d | CAI-YNB@+42d","CGN-CAI@+39d | CAI-YNB@+42d","True","False","True","200","60",""
"HoldMulti3.json","ADTx4,CHDx4,INFx1","STR-CAI@+40d | CAI-FRA@+43d","STR-CAI@+40d | CAI-FRA@+43d","True","False","True","200","190",""
"HoldMulti4.json","ADTx2,CHDx2,INFx2","HAJ-CAI@+30d | CAI-KWI@+41d","HAJ-CAI@+30d | CAI-KWI@+41d","True","False","True","200","136",""
"HoldMulti5.json","ADTx3,CHDx3,INFx3","CAI-CGN@+27d | STR-CAI@+32d","CAI-CGN@+27d | STR-CAI@+32d","True","False","True","200","200",""
"HoldMulti6.json","ADTx4,CHDx2,INFx2","CAI-SSH@+29d | LXR-CAI@+34d","CAI-SSH@+29d | LXR-CAI@+34d","True","False","True","200","65",""
"HoldOne.json","ADTx2,CHDx2,INFx2","HBE-CAI@+43d","HBE-CAI@+43d","True","False","True","200","4",""
"HoldOne1.json","ADTx3,CHDx3,INFx3","JED-CAI@+42d","JED-CAI@+42d","True","False","True","200","16",""
"HoldOne2.json","ADTx4,CHDx2,INFx2","FRA-CAI@+43d","FRA-CAI@+43d","True","False","True","200","17",""
"HoldOne3.json","ADTx3,CHDx3,INFx3","CAI-FRA@+31d","CAI-FRA@+31d","True","False","True","200","12",""
"HoldRound.json","ADTx2,CHDx2,INFx2","YNB-CAI@+24d | CAI-YNB@+31d","YNB-CAI@+24d | CAI-YNB@+31d","True","False","True","200","16",""
"HoldRound1.json","ADTx5,CHDx2,INFx2","LXR-CAI@+22d | CAI-LXR@+29d","LXR-CAI@+22d | CAI-LXR@+29d","True","False","True","200","100",""
"HoldRound2.json","ADTx4,CHDx2,INFx2","CGN-CAI@+23d | CAI-CGN@+30d","CGN-CAI@+23d | CAI-CGN@+30d","True","False","True","200","200",""
"HoldRound3.json","ADTx3,CHDx3,INFx3","CAI-MUC@+35d | MUC-CAI@+42d","CAI-MUC@+35d | MUC-CAI@+42d","True","False","True","200","200",""
"HoldRound5.json","ADTx2,CHDx2,INFx2","JED-CAI@+30d | CAI-JED@+37d","JED-CAI@+30d | CAI-JED@+37d","True","False","True","200","156",""
"HoldRound6.json","ADTx5,CHDx2,INFx2","FRA-CAI@+31d | CAI-FRA@+38d","FRA-CAI@+31d | CAI-FRA@+38d","True","False","True","200","200",""
"VoidMulti.json","ADTx2,CHDx2,INFx2","CAI-JED@+41d | CAI-DUS@+44d","CAI-JED@+41d | CAI-DUS@+44d","True","False","True","200","200",""
"VoidMulti2.json","ADTx2,CHDx2,INFx2","CAI-KWI@+30d | JED-CAI@+35d","CAI-KWI@+30d | JED-CAI@+35d","True","False","True","200","64",""
"VoidOne.json","ADTx2,CHDx2,INFx2","CGN-CAI@+35d","CGN-CAI@+35d","True","False","True","200","14",""
"VoidRound.json","ADTx4,CHDx2,INFx3","YNB-CAI@+24d | CAI-YNB@+31d","YNB-CAI@+24d | CAI-YNB@+31d","True","False","True","200","16",""
